{"cameraMode":{"drawMode":0,"name":"Shaded","section":"Shading Mode"},"sceneLighting":false,"audioPlay":false,"sceneViewState":{"showFog":true,"showMaterialUpdate":false,"showSkybox":false,"showFlares":true,"showImageEffects":true,"showParticleSystems":true},"in2DMode":false,"pivot":{"x":1.1363797187805176,"y":1.9539127349853516,"z":-1.5481624603271485},"rotation":{"x":-0.023560747504234315,"y":0.9570909738540649,"z":-0.2773019075393677,"w":-0.08144626766443253},"size":0.8340368270874023,"orthographic":false}