{"cameraMode":{"drawMode":0,"name":"Shaded","section":"Shading Mode"},"sceneLighting":false,"audioPlay":false,"sceneViewState":{"showFog":true,"showMaterialUpdate":false,"showSkybox":false,"showFlares":true,"showImageEffects":true,"showParticleSystems":true},"in2DMode":false,"pivot":{"x":-13.298779487609864,"y":-13.66696548461914,"z":3.2013864517211916},"rotation":{"x":-0.2861108183860779,"y":0.6630017757415772,"z":-0.30571576952934267,"w":-0.6206352114677429},"size":12.346625328063965,"orthographic":false}