{"cameraMode":{"drawMode":0,"name":"Shaded","section":"Shading Mode"},"sceneLighting":false,"audioPlay":false,"sceneViewState":{"showFog":true,"showMaterialUpdate":false,"showSkybox":true,"showFlares":true,"showImageEffects":true,"showParticleSystems":true},"in2DMode":false,"pivot":{"x":1.4917449951171876,"y":-2.5308847427368166,"z":8.994027137756348},"rotation":{"x":-0.14643429219722749,"y":-0.031139541417360307,"z":0.004372027236968279,"w":-0.9888509511947632},"size":10.0,"orthographic":false}