{"cameraMode":{"drawMode":0,"name":"Shaded","section":"Shading Mode"},"sceneLighting":false,"audioPlay":false,"sceneViewState":{"showFog":true,"showMaterialUpdate":false,"showSkybox":true,"showFlares":true,"showImageEffects":true,"showParticleSystems":true},"in2DMode":false,"pivot":{"x":-1.5714681148529053,"y":-11.703878402709961,"z":7.700342178344727},"rotation":{"x":0.39980465173721316,"y":-0.10167194157838822,"z":0.04478400573134422,"w":0.9099020957946777},"size":10.0,"orthographic":false}