{"cameraMode":{"drawMode":0,"name":"Shaded","section":"Shading Mode"},"sceneLighting":false,"audioPlay":false,"sceneViewState":{"showFog":true,"showMaterialUpdate":false,"showSkybox":false,"showFlares":true,"showImageEffects":true,"showParticleSystems":true},"in2DMode":false,"pivot":{"x":0.2800000011920929,"y":0.703000009059906,"z":-5.0},"rotation":{"x":0.23219577968120576,"y":0.14497873187065125,"z":-0.03493320941925049,"w":0.9612229466438294},"size":0.5559280514717102,"orthographic":false}