{"cameraMode":{"drawMode":0,"name":"Shaded","section":"Shading Mode"},"sceneLighting":false,"audioPlay":false,"sceneViewState":{"showFog":true,"showMaterialUpdate":false,"showSkybox":false,"showFlares":true,"showImageEffects":true,"showParticleSystems":true},"in2DMode":false,"pivot":{"x":1.8604744672775269,"y":-6.5028862953186039,"z":-6.228368759155273},"rotation":{"x":0.006149476859718561,"y":0.9643476009368897,"z":-0.2637864053249359,"w":0.022279299795627595},"size":8.741758346557618,"orthographic":false}