{"cameraMode":{"drawMode":0,"name":"Shaded","section":"Shading Mode"},"sceneLighting":false,"audioPlay":false,"sceneViewState":{"showFog":true,"showMaterialUpdate":false,"showSkybox":true,"showFlares":true,"showImageEffects":true,"showParticleSystems":true},"in2DMode":false,"pivot":{"x":-0.8612567782402039,"y":1.6367322206497193,"z":-4.476585388183594},"rotation":{"x":0.22897663712501527,"y":0.02035455033183098,"z":-0.004504993557929993,"w":0.9734823107719421},"size":0.41117966175079348,"orthographic":false}