{"cameraMode":{"drawMode":0,"name":"Shaded","section":"Shading Mode"},"sceneLighting":false,"audioPlay":false,"sceneViewState":{"showFog":true,"showMaterialUpdate":false,"showSkybox":false,"showFlares":true,"showImageEffects":true,"showParticleSystems":true},"in2DMode":false,"pivot":{"x":0.9912969470024109,"y":0.6915634870529175,"z":-2.746023416519165},"rotation":{"x":-0.12530674040317536,"y":-0.6984630823135376,"z":0.12583944201469422,"w":-0.6934634447097778},"size":0.7972602248191834,"orthographic":false}