{"cameraMode":{"drawMode":0,"name":"Shaded","section":"Shading Mode"},"sceneLighting":false,"audioPlay":false,"sceneViewState":{"showFog":true,"showMaterialUpdate":false,"showSkybox":true,"showFlares":true,"showImageEffects":true,"showParticleSystems":true},"in2DMode":false,"pivot":{"x":3.3644766807556154,"y":3.5791895389556886,"z":-11.47360897064209},"rotation":{"x":0.16283583641052247,"y":0.009914588183164597,"z":-0.0009150306577794254,"w":0.9869531393051148},"size":1.3936618566513062,"orthographic":false}