{"cameraMode":{"drawMode":0,"name":"Shaded","section":"Shading Mode"},"sceneLighting":false,"audioPlay":false,"sceneViewState":{"showFog":true,"showMaterialUpdate":false,"showSkybox":true,"showFlares":true,"showImageEffects":true,"showParticleSystems":true},"in2DMode":false,"pivot":{"x":0.8870954513549805,"y":0.5461397171020508,"z":12.298168182373047},"rotation":{"x":-0.052484702318906787,"y":-0.01942841336131096,"z":0.0008777149487286806,"w":-0.9985657334327698},"size":10.0,"orthographic":false}