{"cameraMode":{"drawMode":0,"name":"Shaded","section":"Shading Mode"},"sceneLighting":false,"audioPlay":false,"sceneViewState":{"showFog":true,"showMaterialUpdate":false,"showSkybox":false,"showFlares":true,"showImageEffects":true,"showParticleSystems":true},"in2DMode":false,"pivot":{"x":0.17836754024028779,"y":0.18507178127765656,"z":0.0},"rotation":{"x":0.18878670036792756,"y":-0.6405251622200012,"z":0.16567429900169373,"w":0.7261610627174377},"size":0.966419517993927,"orthographic":false}