{"cameraMode":{"drawMode":0,"name":"Shaded","section":"Shading Mode"},"sceneLighting":false,"audioPlay":false,"sceneViewState":{"showFog":true,"showMaterialUpdate":false,"showSkybox":false,"showFlares":true,"showImageEffects":true,"showParticleSystems":true},"in2DMode":false,"pivot":{"x":0.38396868109703066,"y":0.35327330231666567,"z":6.142304420471191},"rotation":{"x":-0.011656108312308789,"y":0.9787560701370239,"z":-0.1963777244091034,"w":-0.05819860100746155},"size":0.9277376532554627,"orthographic":false}