{"cameraMode":{"drawMode":0,"name":"Shaded","section":"Shading Mode"},"sceneLighting":false,"audioPlay":false,"sceneViewState":{"showFog":true,"showMaterialUpdate":false,"showSkybox":false,"showFlares":true,"showImageEffects":true,"showParticleSystems":true},"in2DMode":false,"pivot":{"x":7.001549243927002,"y":-11.386674880981446,"z":6.575497627258301},"rotation":{"x":0.37935152649879458,"y":0.5713285803794861,"z":-0.33549779653549197,"w":0.6459124088287354},"size":8.741758346557618,"orthographic":false}