{"cameraMode":{"drawMode":0,"name":"Shaded","section":"Shading Mode"},"sceneLighting":false,"audioPlay":false,"sceneViewState":{"showFog":true,"showMaterialUpdate":false,"showSkybox":false,"showFlares":true,"showImageEffects":true,"showParticleSystems":true},"in2DMode":false,"pivot":{"x":-1.199841856956482,"y":1.0388829708099366,"z":5.412045955657959},"rotation":{"x":-0.1860116720199585,"y":-0.06420610100030899,"z":0.012158541940152645,"w":-0.9804108738899231},"size":0.5394465327262878,"orthographic":false}